ID,Customer_Name,Age,Income,Status,SignUp_Date,Score
1,User_1,56.0,65861.35263293564,Active,2020-01-01,5.708685608931486
2,User_2,69.0,50770.41289219453,Inactive,2020-01-02,
3,User_3,46.0,63086.7073649068,Active,2020-01-03,93.66056922949615
4,User_4,32.0,65992.97816146608,Active,2020-01-04,3.9343540668509647
5,User_5,60.0,35614.87855359832,,2020-01-05,12.21099140100268
6,User_6,25.0,,Pending,2020-01-06,45.21990282834353
7,User_7,78.0,63576.82939934839,Active,2020-01-07,93.38750175279048
8,User_8,38.0,40941.434412732066,Pending,2020-01-08,31.61561049767505
9,User_9,56.0,54566.73679806279,Active,2020-01-09,50.723480868839246
10,User_10,,,Pending,2020-01-10,4.15728590503921
ID_STR,User_11,36.0,50358.97721698756,Pending,2020-01-11,14.834320096208886
ID_STR,User_12,40.0,63078.709832185894,Active,2020-01-12,98.66301229588468
ID_STR,User_13,28.0,71560.34492500291,Active,2020-01-13,96.51186964360456
ID_STR,User_14,28.0,50109.595591109486,Active,2020-01-14,0.49399809344096157
ID_STR,User_15,41.0,,Inactive,2020-01-15,95.18117854232389
ID_STR,User_16,70.0,64823.039157561674,Inactive,2020-01-16,63.91199378155004
ID_STR,User_17,53.0,53484.44237264607,Active,2020-01-17,86.79182945200222
ID_STR,User_18,,,Active,2020-01-18,45.47398556338591
ID_STR,User_19,41.0,32711.519425099774,Pending,2020-01-19,51.55960285792502
ID_STR,User_20,20.0,27488.47410189239,,2020-01-20,
ID_STR,User_21,39.0,52475.341971640075,Inactive,2020-01-21,66.68642575461044
22,User_22,70.0,37161.066232559475,Active,2020-01-22,13.96512547563129
23,User_23,19.0,49405.45786940571,Active,2020-01-23,2.9973589872677953
24,User_24,41.0,41980.05887224904,Active,2020-01-24,30.79299415911909
25,User_25,61.0,23172.55242529255,,2020-01-25,70.46807627366466
26,User_26,47.0,55359.56812904951,Active,2020-01-26,20.185345212294838
27,User_27,55.0,,Inactive,2020-01-27,67.34324333249174
28,User_28,19.0,51202.98068811222,Active,2020-01-28,96.99120461072704
29,User_29,,,Inactive,2020-01-29,9.39007157894184
30,User_30,38.0,44977.74128907899,Inactive,2020-01-30,67.26021182251263
31,User_31,50.0,73405.70211699318,Pending,2020-01-31,44.375021930457116
32,User_32,29.0,,Active,2020-02-01,86.81422543775054
33,User_33,75.0,,Active,2020-02-02,17.71497894473859
34,User_34,39.0,30936.922896859403,Active,2020-02-03,69.26259522261645
35,User_35,78.0,85835.53936088693,,2020-02-04,
36,User_36,61.0,77651.206374808,Pending,2020-02-05,94.46142194740233
37,User_37,,70451.53236427557,Inactive,2020-02-06,68.32480282896458
38,User_38,66.0,62431.489664073124,Inactive,2020-02-07,49.71747640084273
39,User_39,44.0,50227.14917389797,Inactive,2020-02-08,61.78472402012139
40,User_40,76.0,56631.110253000974,Active,2020-02-09,86.89049844787182
41,User_41,59.0,65720.29615992428,,2020-02-10,57.060974663882966
42,User_42,45.0,40571.453787864404,Active,2020-02-11,
43,User_43,77.0,43332.51883671226,Active,2020-02-12,93.09486955069778
44,User_44,33.0,24963.014613642023,Inactive,2020-02-13,68.95267510315611
45,User_45,32.0,38422.71383364867,Active,2020-02-14,67.65133857772466
46,User_46,79.0,74919.52595912231,Active,2020-02-15,21.567515239771716
47,User_47,79.0,44986.293632744484,Pending,2020-02-16,65.88854702326572
48,User_48,64.0,45232.29640234125,Active,2020-02-17,39.386440565415846
49,User_49,79.0,54766.50548655678,Inactive,2020-02-18,65.12329770414921
50,User_50,68.0,,Active,2020-02-19,10.659303030799073
51,User_51,61.0,64180.72535131351,Active,2020-02-20,65.7845304603036
52,User_52,72.0,68996.10283059312,Active,2020-02-21,99.94137257706666
53,User_53,69.0,,Active,2020-02-22,4.821203886055603
54,User_54,,74770.26479719236,Pending,2020-02-23,97.71741842213173
55,User_55,20.0,,Active,2020-02-24,40.690796072287064
56,User_56,54.0,77655.73696627769,Inactive,2020-02-25,87.07534503372591
57,User_57,68.0,39038.8789515552,Active,2020-02-26,78.23854840582734
58,User_58,24.0,,Inactive,2020-02-27,56.70162609866678
59,User_59,38.0,46439.120581899966,,2020-02-28,73.84492092513266
60,User_60,26.0,78080.08520708456,Pending,2020-02-29,87.8515561301348
61,User_61,56.0,49708.36788650678,Active,2020-03-01,40.4140321651033
62,User_62,35.0,36011.12515158378,Active,2020-03-02,32.70331615632387
63,User_63,21.0,30575.862882802103,Active,2020-03-03,66.75933855635847
64,User_64,,48423.2224288038,Inactive,2020-03-04,80.78459419412586
65,User_65,77.0,20075.576426635263,Active,2020-03-05,76.22851347766158
66,User_66,31.0,30497.107376098404,Active,2020-03-06,79.78136488586345
67,User_67,67.0,73146.01477788626,Inactive,2020-03-07,43.5583314812933
68,User_68,75.0,69848.95710726855,Active,2020-03-08,81.78342161750216
69,User_69,26.0,48073.81780190438,Pending,2020-03-09,12.020905537060845
70,User_70,43.0,43015.0284311818,Active,2020-03-10,54.448909796084955
71,User_71,70.0,50877.63353460266,Active,2020-03-11,0.575866049812157
72,User_72,19.0,85219.95392675484,Pending,2020-03-12,32.45858299002703
73,User_73,37.0,56074.63263155788,Active,2020-03-13,
74,User_74,45.0,,Inactive,2020-03-14,39.61726916092554
75,User_75,64.0,46963.13711252673,Active,2020-03-15,69.54672066898621
76,User_76,77.0,50913.449106757405,Active,2020-03-16,38.85581012703457
77,User_77,24.0,59707.440451805654,Pending,2020-03-17,
78,User_78,61.0,51891.42241736044,Pending,2020-03-18,23.754413087432745
79,User_79,78.0,,Inactive,2020-03-19,37.325179162934006
80,User_80,25.0,,Active,2020-03-20,22.726962726315147
81,User_81,64.0,40772.99483343004,Inactive,2020-03-21,7.319592376844364
82,User_82,52.0,81669.76462424378,Active,2020-03-22,60.34485933813779
83,User_83,31.0,60302.72769148956,Active,2020-03-23,66.82127985550163
84,User_84,34.0,51064.58623459619,,2020-03-24,61.94903460096145
85,User_85,53.0,56589.907101551515,Active,2020-03-25,46.34940438005724
86,User_86,67.0,,,2020-03-26,37.978578017922985
87,User_87,57.0,42703.50850921459,Active,2020-03-27,86.33336495718252
88,User_88,21.0,,Active,2020-03-28,51.908178513621806
89,User_89,19.0,,Inactive,2020-03-29,47.9181877629731
90,User_90,79.0,43032.05377032548,Pending,2020-03-30,2.5642065806435688
91,User_91,23.0,40666.442526405815,Pending,2020-03-31,34.12478276261564
92,User_92,71.0,44667.670386254606,Pending,2020-04-01,38.019561878585705
93,User_93,59.0,64280.16640770042,Inactive,2020-04-02,39.88227808969005
94,User_94,21.0,71788.25371193557,Inactive,2020-04-03,58.017236922733225
95,User_95,,55430.20867913706,Pending,2020-04-04,53.360254672687844
96,User_96,,58719.71201053586,Active,2020-04-05,60.79050927934446
97,User_97,35.0,,Active,2020-04-06,
98,User_98,43.0,63151.319749284885,Active,2020-04-07,81.29857387160935
99,User_99,61.0,58276.055156976116,,2020-04-08,71.81230762264944
100,User_100,51.0,39348.08063108774,,2020-04-09,95.55236959549347
101,User_101,27.0,23184.925821023273,Active,2020-04-10,1.823258267636163
102,User_102,79.0,31691.448435772185,Pending,2020-04-11,19.57779856835461
103,User_103,53.0,39961.959077281805,,2020-04-12,0.756287497814212
104,User_104,31.0,67429.05976620162,Active,2020-04-13,64.7474714154603
105,User_105,48.0,73292.89663758989,Inactive,2020-04-14,89.8030548949987
106,User_106,65.0,43407.23186788584,,2020-04-15,24.34822965762993
107,User_107,32.0,43881.26970843056,Active,2020-04-16,92.70345447963066
108,User_108,25.0,53924.345839587,Inactive,2020-04-17,6.026739028956085
109,User_109,31.0,50182.19763609838,Active,2020-04-18,93.44360268055144
110,User_110,40.0,,,2020-04-19,35.16226872396344
111,User_111,77.0,42152.17859619335,,2020-04-20,10.142082844921651
112,User_112,74.0,,,2020-04-21,48.58717591863256
113,User_113,79.0,46411.628031953675,Active,2020-04-22,25.677656772050796
114,User_114,57.0,62809.62066601784,Pending,2020-04-23,28.487290196192284
115,User_115,38.0,45934.393065671866,Pending,2020-04-24,30.728996492628657
116,User_116,33.0,40803.57975637433,Active,2020-04-25,80.30258978326634
117,User_117,62.0,78684.76459759955,Pending,2020-04-26,53.91612766752545
118,User_118,35.0,65978.40623820377,Active,2020-04-27,31.130769915600364
119,User_119,64.0,23119.323497971778,Inactive,2020-04-28,61.03337833109184
120,User_120,70.0,,Active,2020-04-29,71.61506742231936
121,User_121,41.0,,Active,2020-04-30,27.262400073353376
122,User_122,,32050.092961797167,Active,2020-05-01,41.354910152535155
123,User_123,42.0,,Inactive,2020-05-02,12.188609333694755
124,User_124,77.0,60005.84155204687,Active,2020-05-03,18.11493495346803
125,User_125,77.0,39512.80132862124,Pending,2020-05-04,68.11178539649828
126,User_126,77.0,49867.74430631289,Active,2020-05-05,18.143834769562694
127,User_127,62.0,18649.733770545805,Active,2020-05-06,52.516338366706016
128,User_128,58.0,76556.47274850078,Inactive,2020-05-07,70.90462617224327
129,User_129,46.0,45363.61236204617,Pending,2020-05-08,10.687692309474384
130,User_130,32.0,62057.19577064388,Active,2020-05-09,56.73122196289035
131,User_131,62.0,59207.62012213137,Inactive,2020-05-10,25.656278370136377
132,User_132,18.0,70368.21182149982,Pending,2020-05-11,96.29268752375798
133,User_133,42.0,43500.448896461596,Inactive,2020-05-12,48.35456467199247
134,User_134,24.0,53057.340912912005,Active,2020-05-13,80.59925497751581
135,User_135,26.0,58386.63803921791,Active,2020-05-14,55.022654215626176
136,User_136,41.0,63088.12387145719,Pending,2020-05-15,4.341253285481916
137,User_137,18.0,67315.31507613386,Active,2020-05-16,63.31513755940223
138,User_138,61.0,42839.27404137019,Pending,2020-05-17,95.14033422066571
139,User_139,25.0,40036.58835043366,Inactive,2020-05-18,60.16118201463312
140,User_140,41.0,70401.67049372257,,2020-05-19,81.91888594267903
141,User_141,28.0,19443.860975417916,Pending,2020-05-20,88.42064633484078
142,User_142,68.0,73550.48420814009,,2020-05-21,22.807977194893247
143,User_143,34.0,45465.13636885538,Active,2020-05-22,21.204483990822666
144,User_144,25.0,,Pending,2020-05-23,61.09809888509917
145,User_145,52.0,39764.860983197694,Active,2020-05-24,
146,User_146,52.0,49277.0677169628,Active,2020-05-25,83.98613028667204
147,User_147,50.0,69067.07338971373,Inactive,2020-05-26,90.00231233980112
148,User_148,76.0,61562.94652196059,Pending,2020-05-27,35.34213793027181
149,User_149,,57390.29725700608,,2020-05-28,23.687055897448207
150,User_150,59.0,,Pending,2020-05-29,78.05255152438619
151,User_151,56.0,28315.85041291876,Active,2020-05-30,27.48060355481361
152,User_152,75.0,37337.9462972339,Active,2020-05-31,
153,User_153,58.0,44851.98145053248,Pending,2020-06-01,42.37382536487628
154,User_154,45.0,56865.146816432585,Active,2020-06-02,66.75498992914704
155,User_155,24.0,51044.78996778319,Active,2020-06-03,9.553531383466819
156,User_156,26.0,64752.56459537698,Active,2020-06-04,62.3859324676573
157,User_157,145.0,57104.41081591347,Active,2020-06-05,45.17676787372291
158,User_158,29.0,50815.25866907857,Active,2020-06-06,
159,User_159,51.0,84136.41946350805,Active,2020-06-07,16.801420774486342
160,User_160,50.0,56093.40027574892,Active,2020-06-08,73.68737449441821
161,User_161,65.0,43520.866975874414,Active,2020-06-09,86.27970775432286
162,User_162,72.0,77899.50509730395,,2020-06-10,21.673980009077564
163,User_163,40.0,68006.17322620098,Active,2020-06-11,9.571455552016172
164,User_164,79.0,77241.31685365722,Active,2020-06-12,2.3638586046336396
165,User_165,41.0,48336.02096555735,Inactive,2020-06-13,64.1971500443266
166,User_166,54.0,64644.63689721654,Active,2020-06-14,60.70940360887808
167,User_167,52.0,28207.258113914588,,2020-06-15,54.669741271407005
168,User_168,61.0,61760.09616371253,Pending,2020-06-16,23.194709611597542
169,User_169,57.0,47634.14062618845,Active,2020-06-17,39.09059959055147
170,User_170,39.0,29674.130667231017,Active,2020-06-18,59.4476335186173
171,User_171,44.0,65489.00606026965,Pending,2020-06-19,49.67668588591694
172,User_172,,22848.03012505976,,2020-06-20,98.77855202148874
173,User_173,18.0,21309.402244036715,Active,2020-06-21,13.643975255673313
174,User_174,52.0,55437.14688207953,Inactive,2020-06-22,69.51445540475937
175,User_175,,58570.21265490182,Active,2020-06-23,40.431876810429216
176,User_176,64.0,64557.85730019816,,2020-06-24,42.819961492561475
177,User_177,31.0,61129.44524794198,Active,2020-06-25,71.75977656581762
178,User_178,20.0,,,2020-06-26,
179,User_179,,60503.64430043629,Inactive,2020-06-27,99.12559937021884
180,User_180,22.0,,Inactive,2020-06-28,12.839428945412523
181,User_181,43.0,,Inactive,2020-06-29,10.410964938416633
182,User_182,72.0,45766.682165191836,Active,2020-06-30,72.43388171287411
183,User_183,31.0,54432.16286634775,Active,2020-07-01,57.83869170064091
184,User_184,56.0,33539.81197150012,Active,2020-07-02,27.416066655980586
185,User_185,,55113.8329783843,Active,2020-07-03,7.9419368988986605
186,User_186,26.0,48703.7973975258,Pending,2020-07-04,8.565824959643054
187,User_187,32.0,54134.527368311115,Active,2020-07-05,89.41908746641182
188,User_188,32.0,54180.84552455992,Active,2020-07-06,19.18673247187429
189,User_189,43.0,13216.030980264004,,2020-07-07,32.33715621155208
190,User_190,,36480.59272002998,Pending,2020-07-08,22.6656402226988
191,User_191,77.0,48370.57003866717,,2020-07-09,35.49963058319373
192,User_192,30.0,49167.72562553489,,2020-07-10,6.942384274609337
193,User_193,68.0,53890.83963499541,Active,2020-07-11,
194,User_194,,54535.22435497464,Active,2020-07-12,6.76125635922149
195,User_195,56.0,72743.49984400845,Pending,2020-07-13,80.03565078223616
196,User_196,66.0,54686.87721646921,Inactive,2020-07-14,23.3712081910433
197,User_197,69.0,45304.64437675339,Active,2020-07-15,54.00119146045106
198,User_198,78.0,26013.147911937762,Pending,2020-07-16,88.00790875614582
199,User_199,49.0,,Active,2020-07-17,65.08773690471942
200,User_200,21.0,58032.37714962807,Active,2020-07-18,53.29577865513353
201,User_201,47.0,65906.70221165702,Inactive,2020-07-19,32.43337531153756
202,User_202,54.0,73120.56495377274,Inactive,2020-07-20,33.300191305819794
203,User_203,40.0,,Inactive,2020-07-21,66.94869551981901
204,User_204,56.0,45442.033468536094,Active,2020-07-22,99.41393612211675
205,User_205,62.0,,Pending,2020-07-23,66.18391898493786
206,User_206,32.0,,Active,2020-07-24,55.77834173700249
207,User_207,,,Active,2020-07-25,73.06505102392461
208,User_208,46.0,73268.94282099456,Pending,2020-07-26,46.52056122837182
209,User_209,53.0,,,2020-07-27,6.0142342600785215
210,User_210,30.0,67298.67779642684,Pending,2020-07-28,56.22968158779098
211,User_211,49.0,,Pending,2020-07-29,95.76252845053801
212,User_212,24.0,52491.321987622265,Inactive,2020-07-30,17.530294235765965
213,User_213,76.0,34694.251291067674,Inactive,2020-07-31,69.00048908206658
214,User_214,68.0,45963.583431065745,Active,2020-08-01,20.093368865905646
215,User_215,39.0,72335.67760826719,Active,2020-08-02,53.582768447308126
216,User_216,45.0,63167.37752720171,Active,2020-08-03,9.667644964671961
217,User_217,19.0,,Active,2020-08-04,45.037093625818514
218,User_218,59.0,44865.37042063401,Pending,2020-08-05,75.61633288952461
219,User_219,62.0,,Active,2020-08-06,
220,User_220,79.0,,Active,2020-08-07,
221,User_221,74.0,63290.9534036923,Active,2020-08-08,79.54499607897291
222,User_222,70.0,,Inactive,2020-08-09,92.71778194794527
223,User_223,23.0,53002.01628760134,Active,2020-08-10,23.464208185545353
224,User_224,45.0,17437.01257804385,Pending,2020-08-11,39.931591580930814
225,User_225,45.0,42699.28255935876,Active,2020-08-12,15.241601333041743
226,User_226,61.0,70016.68461296204,Active,2020-08-13,99.24835021583752
227,User_227,61.0,64723.210650951216,Inactive,2020-08-14,92.70009679242953
228,User_228,37.0,54960.50835595898,Pending,2020-08-15,53.99571302805596
229,User_229,47.0,49779.22612047595,Active,2020-08-16,84.20332943764213
230,User_230,79.0,61946.0814454449,Inactive,2020-08-17,52.09579772720422
231,User_231,28.0,45779.2234017337,Inactive,2020-08-18,62.35856880027597
232,User_232,75.0,25029.602057074884,Active,2020-08-19,8.912443211601662
233,User_233,72.0,49907.01290489191,Pending,2020-08-20,75.52704204968079
234,User_234,45.0,56046.78990628366,Pending,2020-08-21,12.771348363523483
235,User_235,,66840.16527197031,Inactive,2020-08-22,82.60676302525283
236,User_236,56.0,28382.06359256002,Pending,2020-08-23,78.20280876703859
237,User_237,79.0,48156.33040172817,Pending,2020-08-24,70.87446977429764
238,User_238,50.0,48870.44517867315,Pending,2020-08-25,3.6160380524762115
239,User_239,,33481.22142729332,Pending,2020-08-26,30.31283559453286
240,User_240,74.0,57315.0991238494,Inactive,2020-08-27,26.311256991084285
241,User_241,44.0,61210.52047417702,Inactive,2020-08-28,36.01364074715191
242,User_242,79.0,,Inactive,2020-08-29,8.764274676383854
243,User_243,74.0,80826.38912932208,Pending,2020-08-30,93.69578230310628
244,User_244,69.0,,Active,2020-08-31,55.38022407123763
245,User_245,30.0,43299.747939639994,Pending,2020-09-01,
246,User_246,,,Pending,2020-09-02,39.698151707428345
247,User_247,20.0,,Active,2020-09-03,44.72025405048357
248,User_248,56.0,41614.61760149215,Pending,2020-09-04,60.05943333606173
249,User_249,23.0,,Active,2020-09-05,51.567942769649775
250,User_250,25.0,47127.00764130061,Active,2020-09-06,91.93919732144174
251,User_251,44.0,50862.110045364454,Pending,2020-09-07,49.696348290583025
252,User_252,26.0,15757.962649388028,Active,2020-09-08,99.21580148233127
253,User_253,,48470.757312802154,Pending,2020-09-09,85.14249577450957
254,User_254,54.0,-10000.0,Pending,2020-09-10,20.85105143573358
255,User_255,50.0,,Inactive,2020-09-11,93.05952146439162
256,User_256,,68069.52608863739,Active,2020-09-12,11.636639788547608
257,User_257,59.0,62770.31396900765,Active,2020-09-13,81.74497084911916
258,User_258,61.0,40694.544161966725,Inactive,2020-09-14,38.06232934765801
259,User_259,41.0,38953.81741613531,,2020-09-15,87.79743204450695
260,User_260,32.0,58692.56602324781,Inactive,2020-09-16,86.80566901074504
261,User_261,76.0,550000.0,Active,2020-09-17,80.59254001176211
262,User_262,,31579.189713145635,Inactive,2020-09-18,79.00304363070614
263,User_263,49.0,85612.12615100894,Inactive,2020-09-19,30.46791390980408
264,User_264,,,Pending,2020-09-20,8.091928305125219
265,User_265,41.0,40602.13725967184,Active,2020-09-21,
266,User_266,,17118.049156370318,Pending,2020-09-22,17.35245149865087
267,User_267,69.0,62771.03138568243,Inactive,2020-09-23,69.49510889024617
268,User_268,66.0,35180.96231305188,,2020-09-24,34.609972653778556
269,User_269,79.0,50429.30839351739,Active,2020-09-25,97.56102008599149
270,User_270,150.0,,Inactive,2020-09-26,64.0972077345332
271,User_271,75.0,,,2020-09-27,82.24805636343609
272,User_272,,51192.236777263075,Active,2020-09-28,13.252467274184843
273,User_273,29.0,72856.81115290713,,2020-09-29,86.20144822726226
274,User_274,,13148.79414704781,Inactive,2020-09-30,92.27571905133944
275,User_275,56.0,37842.41229531172,Active,2020-10-01,48.70619188189359
276,User_276,,36431.87174319393,Active,2020-10-02,60.625293775097745
277,User_277,20.0,47196.42316159386,Pending,2020-10-03,76.48098009029954
278,User_278,66.0,,Active,2020-10-04,17.483862726041256
279,User_279,54.0,34081.06050580114,Inactive,2020-10-05,50.25660764634424
280,User_280,66.0,40184.39980830476,Active,2020-10-06,39.86630277723131
281,User_281,73.0,38401.62544320765,Inactive,2020-10-07,14.63739921622491
282,User_282,34.0,44738.161322406966,Active,2020-10-08,36.753442229153144
283,User_283,76.0,53273.34098796645,Pending,2020-10-09,6.817230938549357
284,User_284,,63658.46183556621,,2020-10-10,2.5811906949486985
285,User_285,,65829.96494819623,,2020-10-11,13.516628915482276
286,User_286,19.0,59804.51392002986,Pending,2020-10-12,96.31151115891738
287,User_287,45.0,,Active,2020-10-13,54.952953589501696
288,User_288,71.0,49950.56119508969,Pending,2020-10-14,96.582216115322
289,User_289,40.0,85614.94105238582,Active,2020-10-15,43.2497878330132
290,User_290,,65217.99039030947,Active,2020-10-16,31.181613308525957
291,User_291,,43392.43161689713,Active,2020-10-17,50.61418628402441
292,User_292,50.0,73730.5727444567,Active,2020-10-18,43.95116886329101
293,User_293,18.0,44178.96215303879,Pending,2020-10-19,10.566468426174392
294,User_294,36.0,39973.97047545098,Inactive,2020-10-20,64.08263146902063
295,User_295,79.0,70935.97903892846,Active,2020-10-21,21.60381825095996
296,User_296,19.0,30355.260649821525,Active,2020-10-22,61.95879548978296
297,User_297,70.0,21293.336295974656,,2020-10-23,65.02010923981534
298,User_298,61.0,64119.26867090713,Active,2020-10-24,15.20248531286481
299,User_299,43.0,,Active,2020-10-25,6.134962711066816
300,User_300,,51910.48217805734,Active,2020-10-26,78.07615860684398
301,User_301,23.0,44578.65740859534,Pending,2020-10-27,45.98004237693202
302,User_302,49.0,46422.599489239125,Inactive,2020-10-28,5.816379550547579
303,User_303,72.0,43128.35145752935,Active,2020-10-29,99.48663171697672
304,User_304,21.0,40610.106046183995,Active,2020-10-30,5.778056099636664
305,User_305,72.0,44271.346664468576,Inactive,2020-10-31,69.50352288585532
306,User_306,28.0,43798.2314177345,Inactive,2020-11-01,98.36789252634136
307,User_307,73.0,37571.24343471897,Active,2020-11-02,23.918010421592562
308,User_308,,,,2020-11-03,
309,User_309,34.0,12458.607175066769,Active,2020-11-04,12.138493942242889
310,User_310,55.0,60269.63302332753,Active,2020-11-05,30.327514756759555
311,User_311,41.0,55853.799034747135,,2020-11-06,10.10458110106467
312,User_312,,48726.367512562516,Active,2020-11-07,69.2161341694132
313,User_313,69.0,53559.86577139615,Inactive,2020-11-08,6.229179813006269
314,User_314,51.0,,Active,2020-11-09,
315,User_315,23.0,39139.973050935514,Active,2020-11-10,99.66968538529768
316,User_316,39.0,42011.29546669393,,2020-11-11,81.39702695060188
317,User_317,28.0,57924.74914445564,Active,2020-11-12,61.52194382310109
318,User_318,65.0,53112.55227738704,Pending,2020-11-13,30.625362078661166
319,User_319,33.0,,Active,2020-11-14,62.389583629163845
320,User_320,50.0,74294.18233155967,Active,2020-11-15,52.70414639116516
321,User_321,26.0,63995.182105825246,Active,2020-11-16,42.60833838903715
322,User_322,77.0,38573.97626408271,Inactive,2020-11-17,
323,User_323,76.0,41531.644950956375,Active,2020-11-18,
324,User_324,23.0,34969.299145568984,Pending,2020-11-19,44.97846488213225
325,User_325,33.0,54196.360246800636,Active,2020-11-20,19.462251182076507
326,User_326,46.0,8885.677333104475,,2020-11-21,36.77593508772896
327,User_327,20.0,43120.710845855014,Active,2020-11-22,41.4129752528927
328,User_328,37.0,45399.25401017274,Pending,2020-11-23,82.75378955668742
329,User_329,77.0,27135.64200245012,Pending,2020-11-24,73.3614380561402
330,User_330,76.0,,Pending,2020-11-25,76.93048936413398
331,User_331,,32912.87407115176,Pending,2020-11-26,1.1031264428647214
332,User_332,36.0,54016.13998554892,Pending,2020-11-27,
333,User_333,43.0,91756.66135233577,Inactive,2020-11-28,48.13441516353236
334,User_334,20.0,25834.91585067168,Active,2020-11-29,
335,User_335,36.0,47771.72892489426,Active,2020-11-30,25.98132087450342
336,User_336,37.0,43888.09793547102,,2020-12-01,76.0289823122135
337,User_337,49.0,,Inactive,2020-12-02,13.710970572899905
338,User_338,24.0,61403.7664195304,Pending,2020-12-03,53.531013145259166
339,User_339,69.0,,Active,2020-12-04,
340,User_340,58.0,61574.57223952004,Active,2020-12-05,1.2120774643893273
341,User_341,50.0,39149.91376323149,Active,2020-12-06,24.12014575995415
342,User_342,57.0,86507.72117603626,Inactive,2020-12-07,97.58737549100537
343,User_343,56.0,23446.35217487162,Active,2020-12-08,80.15371118829896
344,User_344,35.0,34510.56396448558,Active,2020-12-09,95.95766443210334
345,User_345,57.0,52545.9392658556,Active,2020-12-10,
346,User_346,,51340.908787184744,Active,2020-12-11,10.973619867750351
347,User_347,28.0,57320.66119068124,Inactive,2020-12-12,54.79594889736929
348,User_348,45.0,73702.01142612803,Active,2020-12-13,45.43773345599609
349,User_349,74.0,48202.23620951602,Pending,2020-12-14,84.4357082739616
350,User_350,42.0,,Active,2020-12-15,9.808258078424458
351,User_351,67.0,41082.25920913626,Active,2020-12-16,
352,User_352,40.0,58824.92777690964,Active,2020-12-17,15.004866469398426
353,User_353,,45222.82234024491,Active,2020-12-18,32.467592689006
354,User_354,47.0,45214.14468400485,Active,2020-12-19,73.73570773877996
355,User_355,59.0,58152.24729445666,Active,2020-12-20,47.601812936876655
356,User_356,52.0,65523.81390620898,Inactive,2020-12-21,37.58882851457693
357,User_357,24.0,16878.401724891846,Active,2020-12-22,39.44762785700353
358,User_358,77.0,55411.67637010143,Inactive,2020-12-23,45.94467684059866
359,User_359,33.0,45946.95021983692,Pending,2020-12-24,78.50165438370568
360,User_360,43.0,64214.25406492114,Pending,2020-12-25,89.20846889402344
361,User_361,,46248.16098388233,Active,2020-12-26,95.53346865039283
362,User_362,74.0,69515.7864974345,Active,2020-12-27,78.6903386255295
363,User_363,69.0,39853.80469273942,Active,2020-12-28,31.540689574801274
364,User_364,77.0,-20000.0,Active,2020-12-29,68.81347060865421
365,User_365,66.0,,,2020-12-30,43.760312405539196
366,User_366,19.0,37346.82556631794,Active,2020-12-31,25.467062204605117
367,User_367,18.0,26296.220948847094,Active,2021-01-01,84.08715794259226
368,User_368,65.0,50240.80127965896,Inactive,2021-01-02,3.8426348962324997
369,User_369,79.0,46412.32000954747,Pending,2021-01-03,90.17619921354235
370,User_370,29.0,62346.5746361751,Inactive,2021-01-04,46.147746462473414
371,User_371,22.0,,Active,2021-01-05,63.72014768082804
372,User_372,54.0,51434.30668834089,Active,2021-01-06,65.93539222057827
373,User_373,49.0,36727.76087123023,Inactive,2021-01-07,
374,User_374,76.0,54304.11891836447,Active,2021-01-08,63.66696821672073
375,User_375,72.0,,Active,2021-01-09,61.39335847600618
376,User_376,26.0,58534.05011704462,Active,2021-01-10,6.665204056068996
377,User_377,58.0,36877.899293829476,Active,2021-01-11,51.84080219452041
378,User_378,52.0,43994.406902486706,Active,2021-01-12,15.016900081704165
379,User_379,36.0,57640.67174504159,Active,2021-01-13,73.74337687214856
380,User_380,65.0,68709.90582847586,Inactive,2021-01-14,51.22219208126745
381,User_381,33.0,64488.83011939385,Inactive,2021-01-15,68.02277792083532
382,User_382,20.0,51230.82306729197,Pending,2021-01-16,4.167290060238427
383,User_383,37.0,,Active,2021-01-17,8.479201604580322
384,User_384,41.0,56057.308380189585,Active,2021-01-18,71.63233880626822
385,User_385,,33629.143440597945,Active,2021-01-19,7.208433599867337
386,User_386,73.0,37744.97841108659,Inactive,2021-01-20,7.12567277652586
387,User_387,50.0,72646.56968689435,Pending,2021-01-21,1.210847523488745
388,User_388,41.0,56030.517200703835,Active,2021-01-22,95.65013982994802
389,User_389,69.0,500000.0,,2021-01-23,73.75083594590069
390,User_390,28.0,62437.08026877903,Active,2021-01-24,35.32514085020642
391,User_391,66.0,,Inactive,2021-01-25,29.65355812876552
392,User_392,25.0,43330.43662631539,Pending,2021-01-26,34.97032297458495
393,User_393,53.0,43588.880863257866,Pending,2021-01-27,77.46535311811819
394,User_394,55.0,41710.31339979492,Pending,2021-01-28,66.13706110704143
395,User_395,,64457.75478073042,Pending,2021-01-29,18.519556786746794
396,User_396,37.0,64603.36171280186,Active,2021-01-30,17.410933533408436
397,User_397,79.0,70788.54981936648,Pending,2021-01-31,9.839564971339732
398,User_398,52.0,65129.04424773254,Active,2021-02-01,66.03027197013381
399,User_399,65.0,25516.728808572218,Pending,2021-02-02,76.43726622217359
400,User_400,79.0,54214.46481377299,Inactive,2021-02-03,26.5046428325004
401,User_401,42.0,34124.218957294215,Pending,2021-02-04,2.094496103091281
402,User_402,52.0,42306.28437542877,Active,2021-02-05,8.217166747642734
403,User_403,42.0,52558.913053712946,Inactive,2021-02-06,96.78600348450304
404,User_404,46.0,62533.48097524856,Inactive,2021-02-07,29.544477747742025
405,User_405,35.0,36637.34986323384,Pending,2021-02-08,76.92231478381336
406,User_406,63.0,15129.205078213978,Active,2021-02-09,62.46635688542638
407,User_407,35.0,52707.96262708147,Active,2021-02-10,38.19396396528959
408,User_408,19.0,89653.57375097825,Active,2021-02-11,20.56872621955551
409,User_409,71.0,46957.30670494771,Active,2021-02-12,12.138641815940643
410,User_410,52.0,50703.73152425388,Pending,2021-02-13,61.50129680388666
411,User_411,33.0,76732.45427804117,Active,2021-02-14,77.4633780637788
412,User_412,78.0,,,2021-02-15,64.39042535411306
413,User_413,58.0,53252.915554744075,Active,2021-02-16,53.030213324915835
414,User_414,53.0,,Active,2021-02-17,4.195122343163627
415,User_415,50.0,53753.65898860473,Pending,2021-02-18,96.84887775943838
416,User_416,21.0,32903.68357764941,Inactive,2021-02-19,79.87141916545745
417,User_417,50.0,29878.322633004536,Active,2021-02-20,29.282203670096475
418,User_418,31.0,78302.42168186355,Inactive,2021-02-21,97.99703293588506
419,User_419,38.0,52758.25027857736,Pending,2021-02-22,60.18815896363221
420,User_420,,51501.431638695474,Active,2021-02-23,58.24226582072465
421,User_421,37.0,48646.58503915685,,2021-02-24,74.8073179429532
422,User_422,73.0,61716.09901424679,,2021-02-25,81.17697880901376
423,User_423,25.0,88080.3665260623,Inactive,2021-02-26,65.64786073315027
424,User_424,24.0,57859.29000661691,Active,2021-02-27,12.809574636620003
425,User_425,20.0,41178.697605281704,Inactive,2021-02-28,33.82675059944984
426,User_426,34.0,47998.98713162684,Active,2021-03-01,92.80836403260497
427,User_427,50.0,66064.94700807883,Active,2021-03-02,22.461561184385193
428,User_428,65.0,41257.990978805035,Active,2021-03-03,37.21670238375133
429,User_429,29.0,62783.697335454024,Active,2021-03-04,43.2076882944196
430,User_430,76.0,15188.939390328043,Pending,2021-03-05,43.940498969445215
431,User_431,68.0,,Pending,2021-03-06,61.29395824945255
432,User_432,39.0,59422.100202210044,Pending,2021-03-07,94.30758377447076
433,User_433,72.0,69051.88319863574,Active,2021-03-08,24.069271183250496
434,User_434,39.0,37722.886744364136,Active,2021-03-09,12.150137630091805
435,User_435,63.0,27458.52473554095,Active,2021-03-10,19.747048985993732
436,User_436,47.0,46088.97252662272,,2021-03-11,88.69249002092695
437,User_437,55.0,33118.71488379667,Active,2021-03-12,64.5810812655206
438,User_438,55.0,47764.449999057055,Pending,2021-03-13,28.590678923916013
439,User_439,62.0,49900.19818053144,Inactive,2021-03-14,81.59469389686173
440,User_440,68.0,,Active,2021-03-15,86.1369996363436
441,User_441,71.0,600000.0,Pending,2021-03-16,84.6514338690278
442,User_442,25.0,,Active,2021-03-17,91.89265336395545
443,User_443,44.0,,Pending,2021-03-18,25.224102017336158
444,User_444,44.0,,,2021-03-19,75.50419287462783
445,User_445,51.0,34742.117441819144,Active,2021-03-20,46.053949727414
446,User_446,38.0,57750.03962972184,Active,2021-03-21,84.19985528900615
447,User_447,47.0,,Inactive,2021-03-22,72.84906771616131
448,User_448,50.0,47531.96512925456,,2021-03-23,77.64474464997247
449,User_449,45.0,50010.48676335762,Active,2021-03-24,65.61618376810715
450,User_450,64.0,52373.83971430051,Inactive,2021-03-25,17.742876946970686
451,User_451,50.0,39836.506808994396,Inactive,2021-03-26,54.502691889693835
452,User_452,22.0,52239.29845208716,Pending,2021-03-27,98.46697395245081
453,User_453,77.0,38261.8444214828,Active,2021-03-28,
454,User_454,78.0,,Pending,2021-03-29,4.317373579701167
455,User_455,65.0,48277.33970775465,,2021-03-30,16.481481572943714
456,User_456,36.0,52325.54935393278,Active,2021-03-31,13.172877345456191
457,User_457,21.0,88548.902595355,Active,2021-04-01,72.59799099852955
458,User_458,52.0,33393.43318099968,,2021-04-02,81.77853298569451
459,User_459,66.0,70828.73403560431,Active,2021-04-03,21.35113663106719
460,User_460,34.0,10109.729644259409,Pending,2021-04-04,50.5852692951829
461,User_461,61.0,18824.350176215852,Active,2021-04-05,84.07030280112
462,User_462,,31390.39883468644,Active,2021-04-06,73.28015447662506
463,User_463,47.0,,Pending,2021-04-07,54.223720549184826
464,User_464,46.0,,Active,2021-04-08,59.03476904587729
465,User_465,63.0,54347.63396252702,Inactive,2021-04-09,50.83605469162799
466,User_466,70.0,46177.68097441453,Active,2021-04-10,29.754845131882057
467,User_467,23.0,47751.830498563075,Inactive,2021-04-11,56.50219928590161
468,User_468,52.0,57916.47141397491,Active,2021-04-12,68.88853020500906
469,User_469,77.0,62498.358164311125,Active,2021-04-13,
470,User_470,58.0,30101.914758353614,,2021-04-14,63.629135397924806
471,User_471,54.0,44571.63543150495,Active,2021-04-15,76.1121537043158
472,User_472,41.0,48956.15265630485,Inactive,2021-04-16,16.0071634954573
473,User_473,,57279.7399484068,Active,2021-04-17,46.15574744197899
474,User_474,66.0,38409.99286589793,Pending,2021-04-18,0.9331619827093296
475,User_475,63.0,48661.682366094945,Active,2021-04-19,24.667886452162303
476,User_476,70.0,50449.754517907364,,2021-04-20,72.64617151130048
477,User_477,48.0,39432.948448107054,Active,2021-04-21,99.18099513493634
478,User_478,52.0,39075.27275078171,Active,2021-04-22,9.917809958721591
479,User_479,77.0,51481.18666456002,Active,2021-04-23,40.14943158612883
480,User_480,50.0,48044.82281019188,Active,2021-04-24,80.00709686991596
481,User_481,69.0,57507.162791309485,Inactive,2021-04-25,20.403563462889885
482,User_482,78.0,,Active,2021-04-26,55.50849493022862
483,User_483,38.0,44739.77708181819,Pending,2021-04-27,73.30712960296748
484,User_484,49.0,46561.75922669612,Active,2021-04-28,61.5985450260179
485,User_485,,62207.95862185408,Active,2021-04-29,18.802473461541613
486,User_486,50.0,35893.79338148147,Inactive,2021-04-30,35.538456868573945
487,User_487,20.0,53519.78007732629,Pending,2021-05-01,78.37917844853972
488,User_488,35.0,53791.3326130683,Active,2021-05-02,55.42265141320166
489,User_489,-5.0,74695.95864019959,Active,2021-05-03,0.5229613542912737
490,User_490,59.0,34893.659535406085,Active,2021-05-04,76.09907600280938
491,User_491,48.0,,Pending,2021-05-05,3.531135494023907
492,User_492,71.0,,Inactive,2021-05-06,
493,User_493,75.0,24953.312418973997,Active,2021-05-07,20.24805601652374
494,User_494,20.0,76470.30401394078,Pending,2021-05-08,95.80734801193802
495,User_495,57.0,31377.481535763163,Pending,2021-05-09,36.79407513020845
496,User_496,63.0,37755.418864177314,Inactive,2021-05-10,32.69316163380791
497,User_497,41.0,,Pending,2021-05-11,14.888805033244468
498,User_498,67.0,23703.39429592677,Active,2021-05-12,
499,User_499,49.0,,Active,2021-05-13,87.66507618282006
500,User_500,64.0,28804.63481987334,Active,2021-05-14,99.63343376272474
172,User_172,,22848.03012505976,,2020-06-20,98.77855202148874
494,User_494,20.0,76470.30401394078,Pending,2021-05-08,95.80734801193802
457,User_457,21.0,88548.902595355,Active,2021-04-01,72.59799099852955
250,User_250,25.0,47127.00764130061,Active,2020-09-06,91.93919732144174
165,User_165,41.0,48336.02096555735,Inactive,2020-06-13,64.1971500443266
173,User_173,18.0,21309.402244036715,Active,2020-06-21,13.643975255673313
304,User_304,21.0,40610.106046183995,Active,2020-10-30,5.778056099636664
440,User_440,68.0,,Active,2021-03-15,86.1369996363436
31,User_31,50.0,73405.70211699318,Pending,2020-01-31,44.375021930457116
51,User_51,61.0,64180.72535131351,Active,2020-02-20,65.7845304603036
422,User_422,73.0,61716.09901424679,,2021-02-25,81.17697880901376
130,User_130,32.0,62057.19577064388,Active,2020-05-09,56.73122196289035
156,User_156,26.0,64752.56459537698,Active,2020-06-04,62.3859324676573
358,User_358,77.0,55411.67637010143,Inactive,2020-12-23,45.94467684059866
335,User_335,36.0,47771.72892489426,Active,2020-11-30,25.98132087450342
450,User_450,64.0,52373.83971430051,Inactive,2021-03-25,17.742876946970686
200,User_200,21.0,58032.37714962807,Active,2020-07-18,53.29577865513353
274,User_274,,13148.79414704781,Inactive,2020-09-30,92.27571905133944
224,User_224,45.0,17437.01257804385,Pending,2020-08-11,39.931591580930814
412,User_412,78.0,,,2021-02-15,64.39042535411306
125,User_125,77.0,39512.80132862124,Pending,2020-05-04,68.11178539649828
213,User_213,76.0,34694.251291067674,Inactive,2020-07-31,69.00048908206658
163,User_163,40.0,68006.17322620098,Active,2020-06-11,9.571455552016172
143,User_143,34.0,45465.13636885538,Active,2020-05-22,21.204483990822666
277,User_277,20.0,47196.42316159386,Pending,2020-10-03,76.48098009029954
